{
  "resources": [
    {
      "id": "library",
      "name": "Biblioteca Centrală",
      "type": "studiu",
      "location": "Clădirea A, Etaj 2",
      "program": "08:00 - 20:00",
      "tags": ["cărți", "wifi", "liniște"],
      "url": "pages/librarie.html"
    },
    {
      "id": "cafeteria",
      "name": "Cantina Studențească",
      "type": "alimentatie",
      "location": "Clădirea C, Parter",
      "program": "10:00 - 18:00",
      "tags": ["mâncare", "cafea"],
      "url": "pages/cafetaria.html"
    },
    {
      "id": "reading_room",
      "name": "Sala de lectură G1",
      "type": "studiu",
      "location": "Cămin G1",
      "program": "Non-stop",
      "tags": ["studiu", "noapte"],
      "url": "#"
    }
  ]
}